{
  "expect": {
    "33": -1,
    "121": "От топота копыт пыль по полю летит.",
    "146": "Часть текста в этой строке бесследно пропало.",
    "147": "Часть текста в этой строке бесследно пропало.",
    "167": "Часть текста в этой строке бесследно пропало.",
    "168": "Часть текста в этой строке бесследно пропало.",
    "169": "Здесь также недостаёт части текста.",
    "170": "Здесь также недостаёт части текста.",
    "253": "Несколько слов в этом предложении излишни.",
    "271": "Кто-то набрал окончание этой строки дважды.",
    "318": -1,
    "340": "Эта строка очищена от лишних слов.",
    "356": -1,
    "357": -1,
    "358": -1,
    "359": -1,
    "360": -1,
    "361": -1,
    "362": -1,
    "392": "Исправьте ошибки в этой строке и верните их с помощью команды «отмена».",
    "445": -1,
    "446": -1,
    "447": -1,
    "448": -1,
    "463": "В момент набора этой строки кое-кто с трудом попадал по клавишам!",
    "464": "В момент набора этой строки кое-кто с трудом попадал по клавишам!",
    "488": "Несколько слов в этой строке требуется исправить.",
    "489": "Несколько слов в этой строке требуется исправить.",
    "515": "Окончание этой строки нужно исправить через команду c$.",
    "516": "Окончание этой строки нужно исправить через команду c$.",
    "594": -1,
    "613": -1,
    "639": "Я увожу к отверженным селеньям, я увожу сквозь вековечный стон, я увожу к забытым поколеньям.",
    "867": -1,
    "872": -1,
    "893": "На этой строке вы можете попрактиковаться в добавлении текста.",
    "894": "На этой строке вы можете попрактиковаться в добавлении текста.",
    "915": "При сложении числа 123 с числом 456 сумма будет 579.",
    "916": "При сложении числа 123 с числом 456 сумма будет 579.",
    "945": "а) Это первый пункт.",
    "946": "б) Это второй пункт."
  }
}
