{
  "expect": {
    "25": -1,
    "107": "Риба риби гризе реп.",
    "129": "Део текста недостаје из овог реда.",
    "130": "Део текста недостаје из овог реда.",
    "149": "Део текста недостаје у овом реду.",
    "150": "Део текста недостаје у овом реду.",
    "151": "Део текста недостаје и овде.",
    "152": "Део текста недостаје и овде.",
    "224": "Неке речи не припадају овој реченици.",
    "241": "Неко је унео крај овог реда двапут.",
    "280": -1,
    "300": "Овај ред речи је исправљен.",
    "314": -1,
    "315": -1,
    "316": -1,
    "317": -1,
    "318": -1,
    "319": -1,
    "320": -1,
    "336": "Исправите грешке у овом реду и поништите их.",
    "376": -1,
    "377": -1,
    "378": -1,
    "379": -1,
    "393": "Када је овај ред уношен, неко је притискао погрешне тастере!",
    "394": "Када је овај ред уношен, неко је притискао погрешне тастере!",
    "415": "Овај ред има неколико речи које треба исправити оператором измене.",
    "416": "Овај ред има неколико речи које треба исправити оператором измене.",
    "438": "Крај овог реда треба исправити коришћењем `c$` команде.",
    "439": "Крај овог реда треба исправити коришћењем `c$` команде.",
    "505": -1,
    "525": -1,
    "550": "Риба риби гризе реп.",
    "744": -1,
    "749": -1,
    "767": "Овај ред омогућава вежбање надовезивања текста у неком реду.",
    "768": "Овај ред омогућава вежбање надовезивања текста у неком реду.",
    "788": "Додавање 123 на 456 даје 579.",
    "789": "Додавање 123 на 456 даје 579.",
    "814": "а) Ово је први ред.",
    "815": "б) Ово је други ред."
  }
}
